title|episodes|rate|genre|
Death Note||4.72|supernatural, thriller|
Midnight occult civil servants|15|3.88|supernatural|
Matoi the Sacred Slayer|12|4.6|supernatural|
Kuroko's Basketball|82|4.82|sports|
The Prince of Tennis II|2|4.71|sports|
He Was Anime (NFL's Mike Daniels)||5|sports|
Banpresto World Figure Colosseum||5|sports|
Gingitsune: Messenger Fox of the Gods|12|4.5|slice of life, supernatural|
Saki|38|4.7|slice of life, sports|
Saki Episode of Side A|16|4.48|slice of life, sports|
Minami Kamakura High School Girls Cycling Club|13|4|slice of life, sports|
Chi's Sweet Home - Chi's New Address||4.84|slice of life|
You and Me|13|4.64|slice of life|
You and Me 2|13|4.73|slice of life|
BLEACH|366|4.83|shonen,fantasy|
Blue Exorcist|12|4.82|shonen,fantasy|
Fairy Tail|153|4.36|shonen,fantasy|
JoJo's Bizarre Adventure|158|4.87|shonen,action,adventure,fantasy,comedy,GOD|
Astro Boy Motion Magazine||3.73|shonen,action|
Ahiru no Sora|24|4.33|shonen, sports|
MAJOR 2nd|25|4.62|shonen, sports|
MIX||4.85|shonen, sports|
HAIKYU!!|75|4.95|shonen, slice of life, sports|
Ace of the Diamond|176|4.63|shonen, slice of life, sports|
True Cooking Master Boy|12|3.52|shonen|
Naruto the Movie: Ninja Clash in the Land of Snow||5|shonen|
Naruto the Movie: Legend of the Stone of Gelel||5|shonen|
Naruto the Movie: Guardians of the Crescent Moon Kingdom||5|shonen|
Road To Ninja -Naruto the Movie||5|shonen|
Naruto Shippuden the Movie: The Will of Fire||5|shonen|
Naruto Shippuden the Movie: Blood Prison|||shonen|
Naruto Shippuden the Movie: The Lost Tower|||shonen|
Naruto Shippuuden|5|4.81|shonen|
Naruto|22|4.8|shonen|
Hunter x Hunter|148|4.85|shonen|
Fate/Zero|25|4.79|shonen|
Vampire Knight||3.67|shojo, supernatural|
Kimi ni Todoke - From Me To You||4.61|shojo|
Sailor Moon R: The Movie||5|shojo|
Ping Pong the Animation||4.96|seinen, sports|
Today's Menu for the Emiya Family|13|4.83|seinen, slice of life|
Air Master||4.5|seinen|
Occultic;Nine|12|3.68|sci-fi, supernatural, thriller|
Frankenstein Family|12|2.84|sci-fi, slice of life|
ARIA The ANIMATION||4.86|sci-fi, slice of life|
Galaxy High School||3.22|sci-fi|
Accel World||5|sci-fi|
Lily C.A.T||3.6|sci-fi|
Accel World: Infinite Burst||3.33|sci-fi|
Dai-Guard||2.5|sci-fi|
Soul Link||2|sci-fi|
Natsuyuki Rendezvous||4|romance, supernatural|
Love Stage!!|1|4.72|romance, slice of life|
Convenience Store Boy Friends|12|3.54|romance, slice of life|
Seiren|12|3.39|romance, slice of life|
Girl Friend BETA|12|3.69|romance, slice of life|
Girls Beyond the Wasteland||4.6|romance, slice of life|
The Last - Naruto the Movie||5|romance, shonen|
Lovely Complex|24|4.73|romance, shojo|
Hana Yori Dango (Boys Over Flowers)|51|4|romance, shojo|
Glass Mask||4.84|romance|
Miracle Train||4.6|romance|
Medaka Box||4.56|romance|
ORESUKI Are you the only one who loves me?|13|4.68|romance|
DAKAICHI -I'm being harassed by the sexiest man of the year-|13|4.3|romance|
Forget Me Not||4.67|romance|
Mischievous Kiss - The Movie|3||romance|
Fist of the North Star||4.67|postapocalyptic|
CHAOS;CHILD|14|3.73|mystery, thriller|
Yamishibai|91|4.38|mystery, supernatural, thriller|
The World YAMIZUKAN|13|2.6|mystery, supernatural, thriller|
Muhyo & Roji's Bureau of Supernatural Investigation|12|4.6|mystery, supernatural|
The Laughing Salesman|12|3.83|mystery, seinen, supernatural, thriller|
KAGEWANI|26|4.47|mystery, sci-fi, thriller|
Un-Go||4.66|mystery, sci-fi|
Dusk Maiden of Amnesia||4.69|mystery, romance, supernatural|
Another|12|4.71|mystery|
Angels of Death|16|3.89|mystery|
Interlude||4.16|mystery|
Tantei Team KZ Jiken Note|16|3.67|mystery|
Brave Beats|22|4.43|music, sci-fi|
Magic-Kyun! Renaissance|13|4|music, romance, supernatural|
The Idol Master||4.65|music|
LiSA TV||5|music|
Japa Con Presents: Agent HaZAP||3|music|
Frame Arms Girl|12|4.6|mechas, sci-fi, slice of life|
Mazinger Edition Z||5|mechas, sci-fi|
The Melody of Oblivion||4.23|mechas, romance, supernatural|
HEROMAN||4.55|mechas|
Demonbane||4.5|mechas|
GRANBELM|13|3.94|mechas|
Yokuwakaru Gendai Maho||4.59|magical girls|
Pretty Cure||4.56|magical girls|
Magical Play||4.34|magical girls|
Twin Angel: Twinkle Paradise||3.95|magical girls|
MARGINAL #4 the Animation|12|4.5|idols, slice of life|
B-PROJECT||3.26|idols, romance|
KING OF PRISM -Shiny Seven Stars-|12|4.18|idols, music, sports|
TSUKIPRO THE ANIMATION|13|3.75|idols, music, slice of life|
THE [email protected] CINDERELLA GIRLS|25|4.4|idols, music, slice of life|
THE [email protected] Side M|14|4.5|idols, music, slice of life|
THE [email protected] SideM  Wakeatte Mini!|12|3|idols, music, slice of life|
Music Girls|12|3.67|idols, music, shojo, slice of life|
IDOLiSH7|18|4.81|idols, music|
Idol Incidents|12|3.43|idols, music|
Million Doll|12|2.43|idols, music|
Anisong Station||4.5|idols, music|
ARP Backstage Pass|9|3.67|idols, music|
DYNAMIC CHORD|12|1|idols, music|
SHONEN HOLLYWOOD -HOLLY STAGE FOR 49-||5|idols|
Libra of Nil Admirari|12|3.94|historical, romance|
Brave 1|12|4.64|historical|
Battle Girls - Time Paradox||4.57|historical|
Folktales from Japan|3|4.77|historical|
11eyes||4.58|harem, seinen|
A Bridge to the Starry Skies - Hoshizora e Kakaru Hashi||4.68|harem, seinen|
Kamigami no Asobi|12|4.36|harem, romance, supernatural|
BONJOUR♪Sweet Love Patisserie|24|3.4|harem, romance, slice of life|
Room Mate|12|2.54|harem, romance, slice of life|
Photo Kano||3.5|harem, romance, seinen|
We, Without Wings - under the innocent sky||4.51|harem, romance|
Eromanga Sensei|12|3.79|harem, romance|
Nagasarete Airanto||4.29|harem, romance|
Code: Realize ~Guardian of Rebirth~|13|3.73|harem, mystery, romance|
La corda d’oro -Blue Sky-|12|3.23|harem, music, romance, shojo, supernatural|
La Corda d'Oro ~primo passo~ and ~secondo passo~||4.86|harem, music, romance|
Listen to Me, Girls, I’m Your Father!|12|4.68|harem|
Canvas 2: Niji Iro no Sketch||4.58|harem|
Wakakozake (Drama)||4.7|food|
Tokyo Ghoul: re||3.9|fantasy,seinen|
Death Note (Drama)|11|4.21|fantasy,mystery|
18if||3.53|fantasy, supernatural|
Maerchen Maedchen|12|3.9|fantasy, supernatural|
Hikaru no Go||4.83|fantasy, sports|
If It's for My Daughter, I'd Even Defeat a Demon Lord|12|4.3|fantasy, slice of life|
Myriad Colors Phantom World|13|3.88|fantasy, slice of life|
MYSTERIA Friends|1|3.56|fantasy, slice of life|
Celestial Method|13|4.11|fantasy, slice of life|
ENDRO!|12|4.75|fantasy, slice of life|
Clockwork Planet|12|3.15|fantasy, sci-fi|
Hiiro no Kakera||4.19|fantasy, romance|
Lord El-Melloi II's Case Files {Rail Zeppelin} Grace note|14|4.58|fantasy, mystery, supernatural|
Fairy Musketeers||4.77|fantasy, magical girls|
Isekai Izakaya: Japanese Food From Another World|24|4.21|fantasy, isekai, slice of life|
Happiness!||4.73|fantasy, harem, romance|
Campione!|13|4.37|fantasy, harem, romance|
Sword Art Online|89|4.4|fantasy|
7 Ghost||4.78|fantasy|
Comet Lucifer|12|2.87|fantasy|
Merc StoriA: The Apathetic Boy and the Girl in a Bottle|12|3.73|fantasy|
FOREST FAIRY FIVE|25|2.2|fantasy|
Magia Record: Puella Magi Madoka Magica Side Story|1|4.45|fantasy|
Fate/Grand Order -MOONLIGHT/LOSTROOM-|1|5|fantasy|
Phoenix||3.5|fantasy|
Digimon Xros Wars - The Young Hunters Who Leapt Through Time||4.64|fantasy|
The Golden Path||3.8|family, sgdrama|
The Ultimatum||2.33|family, sgdrama|
Akagi|26|4.68|drama, thriller|
Boogiepop and Others|18|4.22|drama, supernatural, thriller|
Makai Ouji: Devils and Realist|12|4.8|drama, supernatural|
Hell Girl: Fourth Twilight|12|3.95|drama, supernatural|
Yuri!!! on ICE|12|4.83|drama, sports|
Free! Iwatobi Swim Club|49|4.64|drama, sports|
DAYS|24|4.32|drama, sports|
Harukana Receive|12|4.42|drama, sports|
Big Windup! 2||4.71|drama, sports|
Tegami Bachi Letter Bee||4.83|drama, slice of life, supernatural|
Tsurune|14|4.71|drama, slice of life, sports|
Cinderella Nine|12|4.25|drama, slice of life, sports|
Run with the Wind|23|4.95|drama, shonen, slice of life, sports|
EVIL OR LIVE|13|2.85|drama, seinen, thriller|
HANEBADO!|13|3.89|drama, seinen, sports|
Classroom of the Elite|12|4.47|drama, seinen, slice of life, thriller|
The Case Files of Jeweler Richard|11|4.76|drama, seinen, slice of life|
Tabimachi Lateshow|4|4.54|drama, seinen, slice of life|
Investor Z (Motion Manga)||4.67|drama, seinen|
Lostorage incited WIXOSS|24|3.3|drama, sci-fi, thriller|
MEGALOBOX|13|4.79|drama, sci-fi, sports|
Space Brothers|99|4.82|drama, sci-fi, slice of life|
ISLAND|12|3.47|drama, sci-fi, slice of life|
KADO: The Right Answer|14|3.85|drama, sci-fi, seinen|
Garakowa -Restore the World-|3|3.82|drama, sci-fi|
Dallos||3.33|drama, sci-fi|
Captain Harlock: Arcadia of my Youth|||drama, sci-fi|
The Fruit of Grisaia|24|4.41|drama, romance, thriller|
HENNEKO – The Hentai Prince and the Stony Cat -||4.58|drama, romance, supernatural|
Kakuriyo -Bed & Breakfast for Spirits-||4.85|drama, romance, supernatural|
Ceres, Celestial Legend||3.83|drama, romance, supernatural|
Anohana: The Flower We Saw That Day|11|4.82|drama, romance, slice of life, supernatural|
Myself; Yourself||4.8|drama, romance, slice of life|
H2O: Footprints in the Sand||4.77|drama, romance, slice of life|
Ristorante Paradiso||4.62|drama, romance, slice of life|
Oreimo|13|4.42|drama, romance, slice of life|
Sweet Blue Flowers||4.68|drama, romance, slice of life|
Ano Natsu de Matteru||4.69|drama, romance, slice of life|
Hourou Musuko Wandering Son||4.75|drama, romance, slice of life|
Kokoro Connect|13|4.47|drama, romance, slice of life|
Tsukigakirei|13|4.82|drama, romance, slice of life|
GLASSLIP|13|2.83|drama, romance, slice of life|
One Week Friends||4.67|drama, romance, slice of life|
OneRoom|25|2.74|drama, romance, slice of life|
Break Ups||4.8|drama, romance, slice of life|
I've Always Liked You|1|4.22|drama, romance, slice of life|
The Moment You Fall in Love|1|4.9|drama, romance, slice of life|
True Tears||4.67|drama, romance, slice of life|
Flowers of Evil|13|4.24|drama, romance, shonen, thriller|
A Town Where You Live||3.94|drama, romance, shonen|
Orange|26|4.55|drama, romance, shojo, supernatural|
"Say ""I love you."""|13|4.57|drama, romance, shojo, slice of life|
Netsuzou Trap -NTR-|12|3.4|drama, romance, shojo, slice of life|
ReLIFE|17|4.85|drama, romance, seinen, slice of life|
Recovery of a MMO Junkie|23|4.72|drama, romance, seinen, slice of life|
Jin Roh||4.5|drama, romance, sci-fi, thriller|
The Place Promised In Our Early Days||4.84|drama, romance, sci-fi|
Plastic Memories|13|4.63|drama, romance, sci-fi|
KIZNAIVER|12|4.17|drama, romance, sci-fi|
Classroom☆Crisis|13|4.29|drama, romance, sci-fi|
Hanasakeru Seishonen||4.81|drama, romance|
5 Centímetros por Segundo||4.84|drama, romance|
citrus|12|4.24|drama, romance|
Domestic Girlfriend|12|4.4|drama, romance|
March comes in like a lion|45|4.79|drama, romance|
Our love has always been 1 centimeters apart.|6|4.5|drama, romance|
Junjo Romantica||4.79|drama, romance|
From The New World|25|4.66|drama, postapocalyptic, sci-fi, supernatural, thriller|
Toward the Terra||4.67|drama, postapocalyptic, sci-fi, shonen, supernatural|
ERASED|13|4.86|drama, mystery, thriller|
Beautiful Bones -Sakurako's Investigation-|12|4.56|drama, mystery, thriller|
Strange+|24|3.5|drama, mystery, thriller|
King's Game|12|2.4|drama, mystery, supernatural, thriller|
Sarazanmai|11|4.44|drama, mystery, supernatural, thriller|
The Perfect Insider|11|3.88|drama, mystery, sci-fi, seinen, thriller|
Holmes of Kyoto|12|4.13|drama, mystery, romance, slice of life|
AMNESIA||3.5|drama, mystery, romance|
Book Girl|1|4.9|drama, mystery, romance|
Divine Gate||4|drama, mystery, romance|
Steins;Gate ||4.63|drama, mystery, postapocalyptic, sci-fi, thriller|
Riddle Story of Devil||4.1|drama, mystery|
Tari Tari||4.76|drama, music, slice of life|
Super Sonico - The Animation||3.35|drama, music, slice of life|
VOICE OF FOX|12|4.11|drama, music, slice of life|
Sound! Euphonium|27|4.65|drama, music, romance, slice of life|
Your lie in April|22|4.85|drama, music, romance, shonen|
Fuuka|12|3.4|drama, music, romance, shonen|
given|11|4.85|drama, music, romance|
Anonymous Noise||4.71|drama, music, romance|
Gasaraki||2.5|drama, mechas, sci-fi, supernatural|
Bokurano||4.17|drama, mechas, sci-fi|
Voices of a Distant Star||4.69|drama, mechas, postapocalyptic, romance, sci-fi|
Umamusume: Pretty Derby|13|4.51|drama, idols, slice of life, sports|
Love Live!|13|4.64|drama, idols, music, slice of life|
Wake Up, Girls!|35|4.26|drama, idols, music, slice of life|
DREAM FESTIVAL!|24|3.67|drama, idols, music|
Key the Metal Idol||3.6|drama, idols, mechas, sci-fi|
Young Black Jack|12|4.38|drama, historical, seinen, thriller|
Showa Genroku Rakugo Shinju|25|4.91|drama, historical, romance|
Utakoi|13|4.64|drama, historical, romance|
Emma: A Victorian Romance||4.67|drama, historical, romance|
Meiji Tokyo Renka|12|4.25|drama, historical, isekai, supernatural|
Diabolik Lovers||2.99|drama, harem, romance, supernatural|
Diabolik Lovers II MORE,BLOOD|12|3.54|drama, harem, romance, supernatural|
School Days||4.13|drama, harem, romance|
Mashiroiro Symphony||4.67|drama, harem, romance|
White Album||4.3|drama, harem, music, romance, seinen|
Uta no Prince Sama|39|4.42|drama, harem, music, romance|
White Album 2|13|4.3|drama, harem, idols, music, romance, slice of life|
Kono Aozora ni Yakusoku wo||4.6|drama, harem|
Rozen Maiden Zurückspulen||1.66|drama, fantasy, supernatural|
Rozen Maiden||4.94|drama, fantasy, supernatural|
Elegant Yokai Apartment Life|26|4.13|drama, fantasy, slice of life, supernatural|
Natsume Yuujinchou 6|13|4.97|drama, fantasy, slice of life, supernatural|
Natsume Yuujinchou|39|4.89|drama, fantasy, slice of life|
Natsume Yuujinchou 4|13|4.91|drama, fantasy, slice of life|
She and Her Cat -Everything Flows-|4|4.67|drama, fantasy, seinen, slice of life|
Phantom in the Twilight|12|3.58|drama, fantasy, romance, supernatural, thriller|
Sea Prince and the Fire Child||4.5|drama, fantasy, romance, supernatural|
Nagi no Asukara (Nagi-Asu: A Lull in the Sea)||4.72|drama, fantasy, romance, slice of life|
WorldEnd: What do you do at the end of the world? Are you busy? Will you save us|12|4.64|drama, fantasy, romance, sci-fi, seinen|
A Lull in the Sea (Nagi-Asu: Nagi no Asukara)||4.57|drama, fantasy, romance|
This Boy Suffers from Crystallization||3.17|drama, fantasy, romance|
Robot Carnival||5|drama, fantasy, postapocalyptic, sci-fi|
Swan Lake|||drama, fantasy, music, romance, shojo|
Puella Magi Madoka Magica||4.82|drama, fantasy, magical girls, thriller|
Restaurant to Another World|12|4.49|drama, fantasy, isekai, seinen, slice of life|
We Rent Tsukumogami|12|5|drama, fantasy, historical, romance, supernatural|
Starlight Promises|1|4.11|drama, fantasy, historical, romance|
Holy Knight||2.57|drama, fantasy, harem, seinen, supernatural|
Mizu no Kotoba||4.69|drama|
Chance Pop Session||4.69|drama|
Japanese Anime Classic Collection||3.96|drama|
Aooni The Blue Monster|14|3.18|comedy, supernatural, thriller|
Squid Girl|26|4.72|comedy, supernatural|
Welcome to Demon School! Iruma-kun|23|4.79|comedy, supernatural|
Dog & Scissors|12|3.93|comedy, supernatural|
Nanana's Buried Treasure|11|4.31|comedy, supernatural|
Ghost Stories||4.76|comedy, supernatural|
Magimoji Rurumo|14|4.35|comedy, supernatural|
Naked Wolves||2.6|comedy, sports|
You Don't Know Gunma Yet|12|3.14|comedy, slice of life, thriller|
How to Keep a Mummy|12|4.77|comedy, slice of life, supernatural|
The Helpful Fox Senko-san||4.82|comedy, slice of life, supernatural|
Gugure! Kokkuri-san|12|4.55|comedy, slice of life, supernatural|
Ms. Vampire who lives in my neighborhood.|12|4.42|comedy, slice of life, supernatural|
Hakone-chan|13|3|comedy, slice of life, supernatural|
Slam Dunk||4.7|comedy, slice of life, sports|
Clean Freak! Aoyama kun|12|3.58|comedy, slice of life, sports|
Encouragement Of Climb|26|4.4|comedy, slice of life, sports|
Anima Yell!|12|4.62|comedy, slice of life, sports|
Usakame|12|3.83|comedy, slice of life, sports|
Kaasan Mom's Life||4.69|comedy, slice of life|
Kanamemo||4.64|comedy, slice of life|
YuruYuri|36|4.64|comedy, slice of life|
Working!|14|4.78|comedy, slice of life|
Recorder and Randsell|39|4.31|comedy, slice of life|
Tsuritama|12|4.74|comedy, slice of life|
Poyopoyo|52|4.76|comedy, slice of life|
Polar Bear Cafe|5|4.62|comedy, slice of life|
Himouto! Umaru-chan|12|4.54|comedy, slice of life|
NEW GAME!|24|4.5|comedy, slice of life|
BLEND-S|12|4.53|comedy, slice of life|
Peeping Life||3.97|comedy, slice of life|
Asobi Asobase - workshop of fun -|12|4.81|comedy, slice of life|
AHO-GIRL|12|4.24|comedy, slice of life|
Cute High Earth Defense Club LOVE!|37|4.35|comedy, slice of life|
NANBAKA|26|4.44|comedy, slice of life|
Mr. Osomatsu|58|4.71|comedy, slice of life|
Is the Order a Rabbit?|24|4.73|comedy, slice of life|
Bananya|26|4.56|comedy, slice of life|
DENKI-GAI|12|4.52|comedy, slice of life|
Please tell me! Galko-chan|12|4.38|comedy, slice of life|
Amagi Brilliant Park||4.57|comedy, slice of life|
Yurumates3Dei|26|4.35|comedy, slice of life|
Ms. Koizumi-san Loves Ramen Noodles|12|3.34|comedy, slice of life|
Lovely Muuuuuuuco!|25|4.2|comedy, slice of life|
AIURA|12|4.2|comedy, slice of life|
Comic Girls|12|4.18|comedy, slice of life|
YUYUSHIKI||4.55|comedy, slice of life|
Onee-chan ga Kita|12|3.93|comedy, slice of life|
Chitose Get You!|26|4.24|comedy, slice of life|
Ai-Mai-Mi|13|3.54|comedy, slice of life|
KINMOZA!|24|4.5|comedy, slice of life|
WATATEN!: an Angel Flew Down to Me|13|4.59|comedy, slice of life|
MEGANEBU!||3.64|comedy, slice of life|
Komori-san Can't Decline!|13|3.33|comedy, slice of life|
Joshi Kausei|12|3.25|comedy, slice of life|
Chio's School Road|12|4.8|comedy, slice of life|
Amanchu!|25|4.37|comedy, slice of life|
Nyanko Days|12|4.38|comedy, slice of life|
Anne-Happy|12|4.12|comedy, slice of life|
Yotsuiro Biyori|12|4.9|comedy, slice of life|
Comical Psychosomatic Medicine|2|4.6|comedy, slice of life|
Danchigai|12|3.9|comedy, slice of life|
Hinako Note|12|3.93|comedy, slice of life|
Daily Lives of High School Boys||4.71|comedy, slice of life|
Moyashimon|22|4.5|comedy, slice of life|
"Boku-no-imoutowa""Osaka-okan"""|12|3.43|comedy, slice of life|
Senryu Girl|12|4.77|comedy, slice of life|
Anime de Training! Ex|24|3.77|comedy, slice of life|
BAKUON!!|12|4.36|comedy, slice of life|
A Destructive God Sits Next to Me|1|3.52|comedy, slice of life|
Pan de Peace!|13|3.25|comedy, slice of life|
Slow Start|12|4.14|comedy, slice of life|
JK-Meshi!|26|2.36|comedy, slice of life|
Anime-Gataris|12|4.14|comedy, slice of life|
Ooya-san wa Shishunki!|12|4.45|comedy, slice of life|
Wakaba＊Girl|13|4|comedy, slice of life|
Pikotaro no LULLABY LA LA BY|12|4.75|comedy, slice of life|
Hi-sCool! Seha Girls|13|4.31|comedy, slice of life|
Onara Goro|11|3.56|comedy, slice of life|
Wagamama High Spec|12|2.62|comedy, slice of life|
Mitchiri Neko|13|4.43|comedy, slice of life|
Tesagure! Bukatsumono|36|3.86|comedy, slice of life|
Wooser's Hand-to-Mouth Life|24|3.77|comedy, slice of life|
World Fool News|12|3.62|comedy, slice of life|
Love Rice|24|3.46|comedy, slice of life|
BONO BONO|154|4.92|comedy, slice of life|
Miss Bernard said.|12|4.42|comedy, slice of life|
Null & Peta|12|3.92|comedy, slice of life|
Urawa no Usagi-chan|12|2.58|comedy, slice of life|
ROOM CAMP|11|4.27|comedy, slice of life|
Piacevole|12|4.9|comedy, slice of life|
ANISAVA||4|comedy, slice of life|
Ebiten||3.6|comedy, slice of life|
Shin Atashinchi|26|4.88|comedy, slice of life|
Working Buddies!|25|4.25|comedy, slice of life|
Ai-Mai-Mi Mousou Catastrophe|12|3.88|comedy, slice of life|
The Nameko Families|13|3.75|comedy, slice of life|
Rainy Cocoa sideG|12|1.88|comedy, slice of life|
Ai-Mai-Mi Surgical Friends|12|3.86|comedy, slice of life|
Late night! The Genius Bakabon|12|3.86|comedy, slice of life|
Rainy Cocoa|24|2.33|comedy, slice of life|
Strike Witches: 51st JOINT FIGHTER WING Take Off!||4|comedy, slice of life|
1% Teacher Pascal||3.25|comedy, slice of life|
Magic of Stella|12|5|comedy, slice of life|
The Glass Mask Year 3 Class D|13|4|comedy, slice of life|
Chiruran 1/2|12|3.5|comedy, slice of life|
Wooser’s Hand-to-Mouth Life: Phantasmagoric Arc|13|4|comedy, slice of life|
Gabriel DropOut|12|4.32|comedy, shonen, slice of life, supernatural|
Teekyu|18|4.28|comedy, shonen, slice of life, sports|
Long Riders!|12|4.2|comedy, shonen, slice of life, sports|
SKET Dance|77|4.77|comedy, shonen, slice of life|
WATAMOTE ~No Matter How I Look at It, It’s You Guys Fault I’m Not Popular!~||4.42|comedy, shonen, slice of life|
Tanaka-kun is Always Listless|12|4.73|comedy, shonen, slice of life|
Hitoribocchi no Marumaruseikatsu|12|4.76|comedy, shonen, slice of life|
Takamiya Nasuno Desu!|12|3.5|comedy, shonen, slice of life|
Yatogame-chan Kansatsu Nikki|23|3.2|comedy, shonen, slice of life|
Sketchbook ~full color's~||4.8|comedy, shonen, slice of life|
Osomatsu-kun|||comedy, shonen, slice of life|
Mangirl!|13|3.35|comedy, shonen|
Cromartie High School||4.73|comedy, shonen|
Skull-face Bookseller Honda-san|12|4.61|comedy, shojo, slice of life|
The Highschool Life of a Fudanshi|12|3.7|comedy, shojo, slice of life|
Sanrio Boys|12|4.41|comedy, shojo, slice of life|
Super Gals!||5|comedy, shojo, slice of life|
Gakuen Alice||5|comedy, shojo|
Fastest Finger First|12|3.89|comedy, seinen, sports|
Interviews with Monster Girls|26|4.66|comedy, seinen, slice of life, supernatural|
Haven’t You Heard? I’m Sakamoto|13|4.57|comedy, seinen, slice of life|
Non Non Biyori|24|4.77|comedy, seinen, slice of life|
GA Geijutsuka Art Design Class||4.59|comedy, seinen, slice of life|
Barakamon||4.85|comedy, seinen, slice of life|
HaNaYaMaTa|12|4.58|comedy, seinen, slice of life|
Wakakozake|12|4.75|comedy, seinen, slice of life|
Gourmet Girl Graffiti||4.51|comedy, seinen, slice of life|
UzaMaid!|13|3.83|comedy, seinen, slice of life|
This Art Club Has a Problem!|12|4.1|comedy, seinen, slice of life|
Genshiken|13|4.5|comedy, seinen, slice of life|
Action Heroine Cheer Fruits||3.5|comedy, seinen, slice of life|
Moritasan wa Mukuchi||4.51|comedy, seinen|
Upotte!!|1|4.14|comedy, seinen|
Pastel Memories|11|2.71|comedy, sci-fi, slice of life|
Makeruna!! Aku no Gundan!|12|4|comedy, sci-fi, shonen|
PriPri Chi-chan!!||5|comedy, sci-fi, shojo|
Straight Title Robot Anime|12|3.8|comedy, sci-fi|
HEYBOT!|5|2.86|comedy, sci-fi|
Nyanbo!|26|4.8|comedy, sci-fi|
Crane Game Girls|25|2|comedy, sci-fi|
NATSU NO ARASHI !||4.46|comedy, romance, supernatural|
Actually, I Am|13|4.2|comedy, romance, supernatural|
Kamisama Hajimemashita|25|4.9|comedy, romance, supernatural|
Rascal Does Not Dream of Bunny Girl Senpai|13|4.88|comedy, romance, slice of life, supernatural|
Nogizaka Haruka no Himitsu||4.85|comedy, romance, slice of life|
Nogizaka Haruka no Himitsu - Purezza -||4.76|comedy, romance, slice of life|
GAMERS!|12|3.83|comedy, romance, slice of life|
KARAKAI JOZU NO TAKAGI-SAN|12|4.82|comedy, romance, slice of life|
Jingai-san no Yome|12|3.44|comedy, romance, slice of life|
Sakura Trick||4.47|comedy, romance, slice of life|
Engaged to the Unidentified||4.38|comedy, romance, slice of life|
Science Fell in Love, So I Tried to Prove it|13|4.33|comedy, romance, slice of life|
Ojisan and Marshmallow|13|4.49|comedy, romance, slice of life|
Kaede New Town||4.43|comedy, romance, slice of life|
Dagashi Kashi|12|4.2|comedy, romance, slice of life|
Asteroid in Love|12|4.36|comedy, romance, slice of life|
Crossing Time|12|3.86|comedy, romance, slice of life|
Nisekoi|33|4.28|comedy, romance, shonen, slice of life|
Silver Spoon|22|4.91|comedy, romance, shonen, slice of life|
Wolf Girl and Black Prince|12|3.95|comedy, romance, shojo, slice of life|
My Little Monster|13|4.53|comedy, romance, shojo|
I Can't Understand What My Husband Is Saying|26|4.65|comedy, romance, seinen, slice of life|
Tonari no Seki-kun: The Master of Killing Time|21|4.7|comedy, romance, seinen, slice of life|
Love is Like a Cocktail|13|4.11|comedy, romance, seinen, slice of life|
The Kawai Complex Guide to Manors and Hostel Behavior||4.59|comedy, romance, seinen, slice of life|
Servant x Service|13|4.7|comedy, romance, seinen, slice of life|
KAGUYA-SAMA: LOVE IS WAR|12|4.83|comedy, romance, seinen|
How clumsy you are, Miss Ueno.|12|4.35|comedy, romance, seinen|
Magic User's Club||5|comedy, romance, sci-fi, supernatural|
Magic User's Club OVA|||comedy, romance, sci-fi, supernatural|
Mysterious Girlfriend X|13|4.69|comedy, romance|
Nyarko-san: Another Crawling Chaos|45|4.47|comedy, romance|
Monthly Girls' Nozaki-kun|12|4.8|comedy, romance|
Love Lab|13|4.58|comedy, romance|
Ao-chan Can't Study!|12|4.56|comedy, romance|
My Sweet Tyrant|25|4.1|comedy, romance|
Love To-LIE-Angle|12|3.31|comedy, romance|
Inugami-san to Nekoyama-san|12|4.33|comedy, romance|
Arakawa Under the Bridge||4.76|comedy, romance|
momokuri|13|4.4|comedy, romance|
AMAZING STRANGER|12|3.73|comedy, romance|
Donyatsu|12|4.33|comedy, postapocalyptic|
The Lost Village|12|3.9|comedy, mystery, supernatural, thriller|
Angel's 3Piece!|12|3.72|comedy, music, slice of life|
Tonkatsu DJ Agetaro|12|4.62|comedy, music, shonen, slice of life|
Locodol|15|4.4|comedy, music, seinen, slice of life|
ClassicaLoid|25|3.91|comedy, music, sci-fi|
BanG Dream!|26|4.47|comedy, music|
Space Battleship Tiramisu||4.62|comedy, mechas, sci-fi, seinen, slice of life|
Martian Successor Nadesico||5|comedy, mechas, sci-fi|
Ultra Maniac||3.5|comedy, magical girls, romance, shojo|
Bludgeoning Angel Dokuro-chan||4.6|comedy, magical girls, romance|
Happy Boys||4.91|comedy, jdrama, romance|
Biyou Shounen Celebrity||4.77|comedy, jdrama|
Girlish number|12|4.2|comedy, idols, slice of life|
Miss Monochrome - The Animation|39|3.88|comedy, idols, sci-fi, slice of life|
Sekko Boys|12|3.65|comedy, idols, music, slice of life|
Starmyu|24|4.36|comedy, idols, music, slice of life|
THE [email protected] CINDERELLA GIRLS Theater|92|3.75|comedy, idols, music, slice of life|
Crunchyroll Collection||3|comedy, idols|
The Royal Tutor|13|4.55|comedy, historical, shonen, slice of life|
Ikemen Sengoku: Bromances Across Time|12|5|comedy, historical, romance|
Thermae Romae||4.29|comedy, historical, isekai, seinen, slice of life|
Tono to Issho||4.25|comedy, historical|
Meow Meow Japanese History|96|5|comedy, historical|
Ah My Buddha!!||3|comedy, harem, slice of life, supernatural|
Seitokai No Ichizon - Student Councils Discretion||4.75|comedy, harem, slice of life|
Himegoto|13|3.59|comedy, harem, slice of life|
GJ CLUB||4.33|comedy, harem, slice of life|
Yuuna and the Haunted Hot Springs|12|3.89|comedy, harem, shonen, supernatural|
The Comic Artist and His Assistants|12|4.33|comedy, harem, seinen, slice of life|
INVADERS of the ROKUJYOMA!?|12|4.43|comedy, harem, romance, supernatural|
My Mental Choices are Completely Interfering with my School Romantic Comedy|1|4.37|comedy, harem, romance, slice of life|
My First Girlfriend is a Gal|1|3.42|comedy, harem, romance, slice of life|
The Quintessential Quintuplets|12|4.56|comedy, harem, romance, slice of life|
Oreshura||4.25|comedy, harem, romance, slice of life|
Kanojo ga Flag wo Oraretara (If Her Flag Breaks)|13|3.43|comedy, harem, romance, slice of life|
We Never Learn: BOKUBEN|26|4.56|comedy, harem, romance, shonen, slice of life|
Kiss Him, Not Me|12|4.48|comedy, harem, romance, shojo|
Tsugumomo|12|4.1|comedy, harem, romance, seinen, supernatural|
DearS||3.63|comedy, harem, romance, sci-fi|
The World God Only Knows|36|4.77|comedy, harem, romance|
Why the hell are you here, Teacher!?|12|3.96|comedy, harem, romance|
Koi Koi Seven||2.75|comedy, harem, romance|
Kiitaro's yokai picture diary|12|4.25|comedy, fantasy, supernatural|
You're Being Summoned, Azazel||4.25|comedy, fantasy, supernatural|
Flying Witch|12|4.69|comedy, fantasy, shonen, slice of life, supernatural|
DD Fist of the North Star|25|4.24|comedy, fantasy, shonen, slice of life|
Koro Sensei Quest!||4.25|comedy, fantasy, shonen|
Mahou Shoujo? Naria Girls|12|2.55|comedy, fantasy, shojo|
Cat God||4.4|comedy, fantasy, seinen, supernatural|
KONOHANA KITAN|12|4.56|comedy, fantasy, seinen, slice of life|
KAIJU GIRLS|24|4.57|comedy, fantasy, sci-fi|
RIN-NE|75|4.39|comedy, fantasy, romance, slice of life, supernatural|
Pita-Ten||4|comedy, fantasy, romance, slice of life, supernatural|
Miss Kobayashi's Dragon Maid|28|4.72|comedy, fantasy, romance, slice of life|
As Miss Beelzebub Likes it.|12|3.96|comedy, fantasy, romance, slice of life|
OZMAFIA!!|12|3|comedy, fantasy, romance, slice of life|
Orenchi no Furo Jijo|13|4.35|comedy, fantasy, romance, shojo, slice of life|
A Centaur's Life|12|3.32|comedy, fantasy, romance, seinen, slice of life|
Neo Angelique Abyss||4.75|comedy, fantasy, romance|
Fox Spirit Matchmaker|24|3.78|comedy, fantasy, romance|
Magical Girl Ore|12|4.34|comedy, fantasy, romance|
Lilpri||4.79|comedy, fantasy, music|
Robot Girls Z|9|4.18|comedy, fantasy, mechas, sci-fi|
Didn't I say to make my abilities average in the next life|12|3.81|comedy, fantasy, isekai|
ISEKAI QUARTET||4.6|comedy, fantasy, isekai|
Nurse Witch KOMUGI R|12|3.43|comedy, fantasy, idols|
SENGOKUCHOJYUGIGA|26|4.17|comedy, fantasy, historical, slice of life, supernatural|
Sengoku Collection (Parallel World Samurai)|26|4.21|comedy, fantasy, historical|
The Familiar of Zero|13|4.61|comedy, fantasy, harem, seinen|
Love Tyrant|12|3.84|comedy, fantasy, harem, romance, supernatural|
MONSTER MUSUME EVERYDAY LIFE WITH MONSTER GIRLS|12|4.39|comedy, fantasy, harem|
Mahou Shoujo Nante Mouiidesukara|24|3.37|comedy, fantasy|
HINAMATSURI|12|4.79|comedy, drama, slice of life, supernatural|
The Morose Mononokean|26|4.41|comedy, drama, slice of life, supernatural|
Usagi Drop||4.89|comedy, drama, slice of life|
My Roommate is a Cat|12|4.79|comedy, drama, slice of life|
Little Busters!||4.39|comedy, drama, slice of life|
Tamayura Hitotose||4.75|comedy, drama, slice of life|
GTO - The Animation|43|4.91|comedy, drama, shonen, slice of life|
Fruits Basket||4.91|comedy, drama, shojo, slice of life, supernatural|
School Babysitters|13|4.8|comedy, drama, shojo, slice of life|
Gurazeni: Money Pitch|24|4.75|comedy, drama, seinen, sports|
sweetness & lightning|12|4.7|comedy, drama, seinen, slice of life|
Mr. TONEGAWA Middle Management Blues|24|4.59|comedy, drama, seinen|
AOKANA: Four Rhythm Across the Blue|12|3.83|comedy, drama, sci-fi, sports|
Kotoura-san|12|4.58|comedy, drama, romance, supernatural|
Toradora!|25|4.82|comedy, drama, romance, slice of life|
Golden Time|24|4.61|comedy, drama, romance, slice of life|
My Love Story!!|24|4.88|comedy, drama, romance, slice of life|
My Teen Romantic Comedy SNAFU||4.65|comedy, drama, romance, slice of life|
Love, Chunibyo & Other Delusions||4.83|comedy, drama, romance, slice of life|
Love, Chunibyo & Other Delusions - Heart Throb -||4.54|comedy, drama, romance, slice of life|
WWW.Working!!|13|4|comedy, drama, romance, slice of life|
Gakuen Handsome|12|4.5|comedy, drama, romance, slice of life|
Honey and Clover||4.71|comedy, drama, romance, slice of life|
Tsuredure Children|12|4.61|comedy, drama, romance, shonen, slice of life|
The Pet Girl of Sakurasou||4.79|comedy, drama, romance, seinen|
Please Teacher!||4.41|comedy, drama, romance, sci-fi|
Skip Beat!||4.91|comedy, drama, romance|
Charlotte|13|4.51|comedy, drama, romance|
Masamune-kun's Revenge|13|3.61|comedy, drama, romance|
Blue Spring Ride||4.67|comedy, drama, romance|
Lychee Light Club|8|3.43|comedy, drama, romance|
Looking Up at the Half-Moon||4.44|comedy, drama, romance|
School-Live!|12|4.52|comedy, drama, mystery, postapocalyptic, slice of life, thriller|
Ace Attorney|47|3.78|comedy, drama, mystery|
Nazotokine|12|1.57|comedy, drama, isekai, sci-fi|
ZOMBIE LAND SAGA|12|4.5|comedy, drama, idols, music, supernatural|
Love Live! Sunshine!!|26|4.58|comedy, drama, idols, music, slice of life|
A Sister's All You Need.|12|4.31|comedy, drama, harem, romance, slice of life|
Saekano -How to Raise a Boring Girlfriend-|13|4.31|comedy, drama, harem, romance, slice of life|
Gakuen Heaven||4.86|comedy, drama, harem, romance, slice of life|
Da Capo III|13|4.3|comedy, drama, harem, romance|
Please Twins!||4.17|comedy, drama, harem, romance|
Beyond the Boundary||4.35|comedy, drama, fantasy, supernatural|
The Eccentric Family||4.67|comedy, drama, fantasy, slice of life, supernatural|
The Eccentric Family 2|12|4.93|comedy, drama, fantasy, slice of life, supernatural|
Our Home's Fox Deity||4.9|comedy, drama, fantasy, slice of life, supernatural|
Poco's Udon World|12|4.79|comedy, drama, fantasy, slice of life|
Yurikuma Arashi||4.71|comedy, drama, fantasy, romance, seinen, supernatural|
Junji Ito Collection|14|3.64|comedy, drama, fantasy, mystery, supernatural, thriller|
Umi Monogatari||3|comedy, drama, fantasy, magical girls|
Yamada-kun and the Seven Witches|24|4.71|comedy, drama, fantasy, harem, romance, slice of life, supernatural|
Unico In the Island of Magic||4.5|comedy, drama, fantasy|
Hyakko||4.7|comedy|
Bodacious Space Pirates|26|4.66|comedy|
Cells at Work!|14|4.76|comedy|
Phantom Thief Reinya||4.44|comedy|
Humanity Has Declined|12|4.43|comedy|
Magical Sempai|12|4.25|comedy|
Are You Lost?|12|3.9|comedy|
Seton Academy: Join the Pack!|11|4.2|comedy|
GTO||4.62|comedy|
Switch Girl!!||4.12|comedy|
Re-Kan!||4.17|comedy|
Military!|12|3.2|comedy|
HIMOTE HOUSE: A share house of super psychic girls|12|2.67|comedy|
Hackadoll THE ANIMATION|13|3.88|comedy|
VIRTUALSAN - LOOKING|12|3.12|comedy|
Peeping Life TV Season 1??|12|3.5|comedy|
Crazy For Me||4.69|comedy|
Milpom|6|2.67|comedy|
Oda Cinnamon Nobunaga|11|4.64|comedy|
Magical Somera-chan|12|3.73|comedy|
GTO Taiwan||3.75|comedy|
Wacky TV Nanana|48|4.33|comedy|
gdgd men's party||4|comedy|
Miss Machiko||3.8|comedy|
Days of Urashimasakatasen|12|3|comedy|
Gintama|379|4.87|comedy|
Occult Academy||4.58|adventure, supernatural|
A Place Further Than the Universe|13|4.9|adventure, seinen, slice of life|
Between the Sky and Sea|12|2.35|adventure, sci-fi, slice of life|
elDLIVE|12|3.35|adventure, sci-fi|
Magic Kaito 1412||4.64|adventure, romance, shonen|
A Wind Named Amnesia||4.5|adventure, postapocalyptic, sci-fi|
Dimension High School|12|3.33|adventure, mystery|
Psybuster|||adventure, mechas, mystery, postapocalyptic, sci-fi, shonen|
Taisho Mebiusline Chicchaisan|13|2.6|adventure, historical, supernatural|
YU-NO: A Girl Who Chants Love at the Bound of This World||3.85|adventure, harem, sci-fi, thriller|
HAKYU HOSHIN ENGI|25|2.93|adventure, fantasy, shonen, supernatural|
Yu-Gi-Oh! ARC-V||4.61|adventure, fantasy, shonen, supernatural|
Toriko|146|4.42|adventure, fantasy, shonen|
Mushishi|22|4.88|adventure, fantasy, seinen, slice of life, supernatural|
Utawarerumono The False Faces|25|3.41|adventure, fantasy, sci-fi, supernatural|
Yona of the Dawn|24|4.79|adventure, fantasy, romance, shojo, supernatural|
The World is Still Beautiful|12|4.65|adventure, fantasy, romance, shojo|
Maoyu|12|4.35|adventure, fantasy, romance|
This Boy is a Professional Wizard|4|4.44|adventure, fantasy, romance|
Wise Man's Grandchild||3.65|adventure, fantasy, isekai, romance, seinen|
Isekai Cheat Magician|12|2.13|adventure, fantasy, isekai|
Ascendance of a Bookworm|16|4.71|adventure, fantasy, isekai|
The Twelve Kingdoms||4.85|adventure, fantasy, historical, isekai|
Death March to the Parallel World Rhapsody|24|3.77|adventure, fantasy, harem, isekai, romance, slice of life|
The Master of Ragnarok & Blesser of Einherjar|12|2.3|adventure, fantasy, harem, isekai|
Yonna in the Solitary Fortress||3.83|adventure, fantasy|
GRANBLUE FANTASY: The Animation|26|3.84|adventure, fantasy|
Little Nemo: Adventures in Slumberland||4.68|adventure, fantasy|
Monster Hunter Stories Ride On||3.17|adventure, fantasy|
Deltora Quest||4.46|adventure, fantasy|
Million Arthur||3|adventure, fantasy|
NAMUAMIDABUTSU! -UTENA-|12|3|adventure, fantasy|
Fantastic Adventures of Unico||4|adventure, fantasy|
Jungle Emperor Leo||5|adventure, fantasy|
Natsume Yuujinchou 5|14|4.9|adventure, drama, slice of life, supernatural|
Digimon Adventure tri.|26|4.32|adventure, drama, sci-fi|
Valerian and Laureline||4.46|adventure, drama, romance, sci-fi|
Case Closed||4.92|adventure, drama, mystery, thriller|
ACCA: 13-Territory Inspection Dept.|13|4.63|adventure, drama, mystery, sci-fi, thriller|
Sound of the Sky||4.74|adventure, drama, music, postapocalyptic, slice of life|
SHELTER||4.83|adventure, drama, music, postapocalyptic, sci-fi|
Eureka Seven||4.87|adventure, drama, mechas, romance, sci-fi|
Ghost Slayers Ayashi||4.43|adventure, drama, historical, supernatural|
Earl and Fairy||3.71|adventure, drama, harem, historical, romance|
The Galaxy Railways: A Letter from the Abandoned Planet||3.67|adventure, drama, fantasy, sci-fi|
The Ancient Magus' Bride|54|4.79|adventure, drama, fantasy, romance, slice of life, supernatural|
Kaiba||5|adventure, drama, fantasy, romance, sci-fi|
Sunday Without God|12|4.44|adventure, drama, fantasy, mystery, postapocalyptic, supernatural|
Night on the Galactic Railroad||4.5|adventure, drama, fantasy, mystery|
Fushigi Yugi||4.39|adventure, drama, fantasy, isekai, romance, shojo|
Fushigi Yugi: Eikoden||3.2|adventure, drama, fantasy, isekai, romance, shojo|
Fushigi Yugi OVA||4|adventure, drama, fantasy, isekai, romance, shojo|
Somali and the Forest Spirit|12|4.79|adventure, drama, fantasy|
The Sprites of Floria|1|2.2|adventure, drama, fantasy|
Ringing Bell||4|adventure, drama, fantasy|
Black Jack||4.71|adventure, drama|
Hanamaru Kindergarten||4.76|adventure, comedy, slice of life|
Laid-Back Camp|12|4.84|adventure, comedy, slice of life|
Traveling Daru||4.64|adventure, comedy, slice of life|
Shonen Ashibe GO! GO! Goma-chan|12|4.33|adventure, comedy, slice of life|
The Irresponsible Galaxy Tylor|12|1.44|adventure, comedy, sci-fi|
The Journey Home|26|3.4|adventure, comedy, sci-fi|
JOKER|52|4.4|adventure, comedy, mystery, shonen|
Cardcaptor Sakura: Clear Card|23|4.6|adventure, comedy, magical girls, shojo|
Cardcaptor Sakura: The Movie||3.67|adventure, comedy, magical girls, shojo|
Cardcaptor Sakura the Movie 2: The Sealed Card||5|adventure, comedy, magical girls, shojo|
El-Hazard: The Wanderers||3.17|adventure, comedy, isekai|
Nobunaga Concerto|1|4.79|adventure, comedy, historical, romance, shonen|
Hozuki's Coolheadedness|13|4.71|adventure, comedy, fantasy, seinen, slice of life, supernatural|
Elemental Gelade||5|adventure, comedy, fantasy, romance|
Kemono Friends|24|4.35|adventure, comedy, fantasy, postapocalyptic|
FLIP FLAPPERS|13|4.74|adventure, comedy, fantasy, magical girls|
KONOSUBA -God's blessing on this wonderful world!|44|4.65|adventure, comedy, fantasy, isekai, supernatural|
No Game No Life|12|4.7|adventure, comedy, fantasy, isekai, sci-fi|
NG Knight Lamune & 4||5|adventure, comedy, fantasy, isekai, romance|
Is It Wrong to Try to Pick Up Girls in a Dungeon?|26|4.62|adventure, comedy, fantasy, harem, romance|
Kyo Kara Maoh||4.2|adventure, comedy, fantasy, harem, isekai, supernatural|
The Tower of DRUAGA -the Aegis of URUK-||4.75|adventure, comedy, fantasy|
The Tower of DRUAGA -the Sword of URUK-||4.71|adventure, comedy, fantasy|
Muromi-san|13|4.69|adventure, comedy, fantasy|
Gokudo||4.8|adventure, comedy, fantasy|
The Wonderful Wizard of Oz||4.5|adventure, comedy, fantasy|
Black Jack The Movie||5|adventure, comedy, drama, thriller|
Keep Your Hands Off Eizouken!|11|4.69|adventure, comedy, drama, slice of life|
Lost Universe||3.67|adventure, comedy, drama, sci-fi, shonen|
Familiar of Zero F||4.6|adventure, comedy, drama, fantasy, harem, isekai, romance|
Hagane Orchestra|12|4.4|adventure, comedy|
The File of Young Kindaichi Returns||3.9|adventure,  ,  ,  ,  ,  ,  ,  ,  ,  , mystery, shonen, supernatural, thriller|
Noblesse: Awakening||4.63|action, supernatural, thriller|
Lady Death||3.78|action, supernatural|
Bloodivores|12|2.41|action, supernatural|
Hitori No Shita - The Outcast|37|3.91|action, supernatural|
DEVIL SURVIVOR 2 THE ANIMATION||3.81|action, supernatural|
Sin The Movie||3.89|action, supernatural|
Qualidea Code|12|3.49|action, supernatural|
Butlers X Battlers|12|3.25|action, supernatural|
Keijo!!!!!!!!|12|4.6|action, sports|
GIRLS und PANZER||4.5|action, slice of life, sports|
Fire Force||4.18|action, shonen, supernatural|
Hinomaru Sumo|24|4.72|action, shonen, sports|
Triage X|1|3.23|action, shonen|
Unriddle||4|action, sgdrama, thriller|
CLIF||3.75|action, sgdrama, thriller|
Tenjho Tenge||2.69|action, seinen, supernatural|
TWOCAR|12|2.55|action, seinen, sports|
Nobunagun|13|4.55|action, sci-fi, shonen|
Yu-Gi-Oh! VRAINS|12|4.17|action, sci-fi, shonen|
Future Card Buddyfight||4.2|action, sci-fi, shonen|
8 Man After||1|action, sci-fi, shonen|
TERRAFORMARS|39|3.31|action, sci-fi, seinen, thriller|
Gatchaman Crowds|13|4.15|action, sci-fi|
Hand Shakers|12|2.78|action, sci-fi|
BLACKFOX|1|3.79|action, sci-fi|
KanColle|12|4|action, sci-fi|
High School Fleet|12|4.21|action, sci-fi|
A Certain Scientific Railgun|8|4.66|action, sci-fi|
Girly Air Force|12|3.95|action, sci-fi|
A Certain Scientific Accelerator|12|4.12|action, sci-fi|
Brave Witches|12|4.3|action, sci-fi|
Caligula|12|3.52|action, sci-fi|
Gunslinger Stratos THE ANIMATION|12|3.43|action, sci-fi|
Blade Runner Black Out 222||4.48|action, sci-fi|
Digimon Universe App Monsters|52|4.67|action, sci-fi|
HEROBANK||3.14|action, sci-fi|
Shingu: Secret of the Stellar Wars||4.6|action, sci-fi|
Battle Girl High School|12|5|action, sci-fi|
Zombie Loan||3.5|action, romance, supernatural, thriller|
The Severing Crime Edge||4.24|action, romance, seinen|
Library War||4.85|action, romance|
Kabaneri of the Iron Fortress|14|4.14|action, postapocalyptic, supernatural, thriller|
GOD EATER|13|4|action, postapocalyptic, sci-fi|
PERSONA5 the Animation|28|3.94|action, mystery, supernatural, thriller|
Mononoke||4.83|action, mystery, supernatural, thriller|
PERSONA5 the Animation -THE DAY BREAKERS-|1|4.26|action, mystery, supernatural, thriller|
Fantastic Detective Labyrinth||3|action, mystery, supernatural|
Black Bullet|13|4.11|action, mystery, postapocalyptic, sci-fi|
MEKAKUCITY ACTORS|12|4.7|action, music, romance, sci-fi|
Gundam Build Divers|39|3.75|action, mechas, sci-fi, slice of life|
Gundam Build Fighters|5|4.91|action, mechas, sci-fi, slice of life|
Mobile Suit GUNDAM Iron Blooded Orphans|5|4.57|action, mechas, sci-fi|
gen:LOCK|8|4|action, mechas, sci-fi|
Majestic Prince||4.7|action, mechas, sci-fi|
Nobunaga the Fool||3.32|action, mechas, sci-fi|
Vividred Operation||3.18|action, mechas, sci-fi|
ARGEVOLLEN|24|3.25|action, mechas, sci-fi|
Active Raid|24|2.71|action, mechas, sci-fi|
MOBILE SUIT GUNDAM |5|4.7|action, mechas, sci-fi|
MOBILE SUIT GUNDAM UNICORN RE:96|22|3.62|action, mechas, sci-fi|
Mobile Suit Gundam Seed|48|4.13|action, mechas, sci-fi|
Mobile Suit Gundam Wing|49|3.9|action, mechas, sci-fi|
Fight League: Gear Gadget Generators|26|3.11|action, mechas, sci-fi|
MOBILE SUIT GUNDAM THE ORIGIN Advent of the Red Comet|13|4.69|action, mechas, sci-fi|
Mobile Suit Gundam Seed Destiny|5|3|action, mechas, sci-fi|
Mobile Fighter G Gundam|49|4.45|action, mechas, sci-fi|
DEMIAN||3.55|action, mechas, sci-fi|
Mobile Suit Gundam Wing - Endless Waltz|1|4.71|action, mechas, sci-fi|
Giant Gorg||4.33|action, mechas, sci-fi|
Dancouga: Super Beast Machine God||4|action, mechas, sci-fi|
GoShogun||5|action, mechas, sci-fi|
Captain Earth|25|3.42|action, mechas, romance, sci-fi|
Karate Girl||4.43|action, martial arts, thriller|
Shinobi Girl||1|action, martial arts|
Female Convict Scorpion||3|action, martial arts|
Steel Fisted Dragon||5|action, martial arts|
The Dragon Lives|||action, martial arts|
Schoolgirl Strikers|13|2.5|action, magical girls, sci-fi, supernatural|
Sailor Moon Crystal|39|4.45|action, magical girls, romance, shojo|
Wonder Momo|5|2.27|action, idols, magical girls, sci-fi|
RH Plus||4.63|action, horror, jdrama|
Otome Yokai Zakuro||4.77|action, historical, romance|
Angolmois: Record of Mongol Invasion|12|4.61|action, historical|
Gifu Dodo!! Kanetsugu and Keiji|25|4.21|action, historical|
Infinite Stratos||3.52|action, harem, mechas, romance, sci-fi|
Dai-Shogun - Great Revolution|12|2.31|action, harem, historical, mechas, sci-fi|
Rail Wars!||3.51|action, harem|
Wizard Barristers||3.31|action, fantasy, supernatural, thriller|
Mushi-Uta||4.73|action, fantasy, supernatural|
Katana Maidens ~ Toji No Miko|25|4.2|action, fantasy, supernatural|
Fate/Grand Order ‐First Order‐|1|3.55|action, fantasy, supernatural|
JUNI TAISEN: ZODIAC WAR|12|3.29|action, fantasy, shonen, supernatural|
My Hero Academia|86|4.8|action, fantasy, shonen|
ORECA BATTLE||3|action, fantasy, shonen|
Hakkenden: Eight Dogs of the East|26|4.64|action, fantasy, shojo, supernatural|
Berserk|26|3.51|action, fantasy, seinen, supernatural|
Witch Craft Works|12|4.33|action, fantasy, seinen, supernatural|
The Irregular at Magic High School|26|4.18|action, fantasy, sci-fi, supernatural|
GARO -VANISHING LINE-|24|4.49|action, fantasy, sci-fi, supernatural|
Kyousougiga|13|4.78|action, fantasy, sci-fi, slice of life, supernatural|
World Trigger|73|4.37|action, fantasy, sci-fi, shonen, supernatural|
Yu-Gi-Oh! 5D's||4.71|action, fantasy, sci-fi, shonen, supernatural|
Yu-Gi-Oh! ZEXAL||4|action, fantasy, sci-fi, shonen, supernatural|
Dragon Ball Super|131|4.24|action, fantasy, sci-fi, shonen|
Os Cavaleiros do Zodíaco - Saintia Sho|1|3.78|action, fantasy, sci-fi, shonen|
Taboo Tattoo|12|2.24|action, fantasy, sci-fi|
A Certain Magical Index|26|3.55|action, fantasy, sci-fi|
Luck & Logic||4.5|action, fantasy, sci-fi|
Absolute Duo||3.62|action, fantasy, romance|
Ultraman Geed|26|4.88|action, fantasy, mechas, sci-fi|
Fate/kaleid liner PRISMA ILLYA|42|4.9|action, fantasy, magical girls, supernatural|
Day Break Illusion|13|4.16|action, fantasy, magical girls|
Majin Bone|52|3.29|action, fantasy, isekai, shonen|
The Silver Guardian|18|2.9|action, fantasy, isekai, sci-fi, supernatural|
Onimusha: Dawn of Dreams||1.6|action, fantasy, historical, supernatural|
The Ambition of Oda Nobuna|12|4.56|action, fantasy, historical|
Ulysses: Jeanne d'Arc and the Alchemist Knight|12|2.11|action, fantasy, historical|
Dies irae|18|2.77|action, fantasy, historical|
Katsugeki TOUKEN RANBU|13|3.81|action, fantasy, historical|
Samurai Warriors|13|3.78|action, fantasy, historical|
STRIKE THE BLOOD||3.91|action, fantasy, harem, supernatural|
Unlimited Fafnir|12|3.35|action, fantasy, harem, seinen, supernatural|
World Break: Aria of Curse for a Holy Swordsman|12|3.5|action, fantasy, harem, romance, seinen|
How Not to Summon a Demon Lord|12|4.4|action, fantasy, harem, romance|
Asura Cryin'||4.73|action, fantasy, harem, mechas|
SENGOKU NIGHT BLOOD|12|2.9|action, fantasy, harem, historical, isekai, romance, shojo, supernatural, thriller|
Dragon Crisis||4.71|action, fantasy, harem|
ASSASSINS PRIDE|12|3.17|action, fantasy|
Magical Warfare||2.72|action, fantasy|
Ixion Saga DT|25|3.77|action, fantasy|
Lance N' Masques|12|2.93|action, fantasy|
Magical Girl Spec-Ops Asuka|12|4.2|action, fantasy|
Dances with the Dragons|12|2.7|action, fantasy|
Monster Strike|159|2.59|action, fantasy|
Fate/Grand Order Absolute Demonic Front: Babylonia|18|4.18|action, fantasy|
Lord of Vermilion: The Crimson King|12|2.57|action, fantasy|
Demon Slayer: Kimetsu no Yaiba|26|4.87|action, drama, supernatural|
ALL OUT!!|25|4.89|action, drama, sports|
Champion Joe 2|47|4.76|action, drama, sports|
Princess Nine||4.6|action, drama, sports|
Yowamushi Pedal|65|4.79|action, drama, shonen, sports|
Yowamushi Pedal New Generation|5|4.48|action, drama, shonen, sports|
Tiger Mask W|38|4.67|action, drama, shonen, sports|
The Prince of Tennis II OVA vs Genius 1|1|4.71|action, drama, shonen, sports|
Slam Dunk (Dub)||4.75|action, drama, shonen, sports|
Try Knights|12|2.7|action, drama, shojo, sports|
The Garden of Sinners|1|4.61|action, drama, seinen, supernatural, thriller|
Kamisama Dolls||4.58|action, drama, seinen, supernatural|
Gangsta.||4.29|action, drama, seinen|
Blood Blockade Battlefront|24|4.61|action, drama, sci-fi, supernatural|
Kiseijuu|24|4.75|action, drama, sci-fi, seinen, thriller|
DOUBLE DECKER! DOUG & KIRILL|16|4.3|action, drama, sci-fi, seinen|
Cowboy Bebop||4.93|action, drama, sci-fi|
Legend of the Galactic Heroes: Die Neue These|24|4.42|action, drama, sci-fi|
Blue Submarine No. 6||3.47|action, drama, sci-fi|
Kenka Bancho Otome -Girl Beats Boys-|12|3.76|action, drama, romance, shojo|
DRAMAtical Murder|12|3.99|action, drama, romance, sci-fi|
BAKUMATSU GIJINDEN ROMAN|12|3.38|action, drama, romance, sci-fi|
RErideD - Derrida, who leaps through time|12|2.97|action, drama, postapocalyptic, sci-fi, seinen|
Persona4 the Golden ANIMATION|12|3.75|action, drama, mystery, slice of life, supernatural, thriller|
BTOOOM!||4.39|action, drama, mystery, sci-fi, seinen|
BIG ORDER|1|2.43|action, drama, mystery, postapocalyptic, thriller|
Hakata Tonkotsu Ramens|12|4.68|action, drama, mystery|
BLASSREITER||4.63|action, drama, mechas, sci-fi|
Aldnoah.Zero|25|4.1|action, drama, mechas, sci-fi|
BBK/BRNK|24|3.12|action, drama, mechas, sci-fi|
SSSS.GRIDMAN||4.19|action, drama, mechas, sci-fi|
Full Metal Panic! Invisible Victory||4.4|action, drama, mechas, sci-fi|
Gunbuster 2||4.25|action, drama, mechas, sci-fi|
Full Metal Panic! The Second Raid||5|action, drama, mechas, sci-fi|
DARLING in the FRANXX|5|4.34|action, drama, mechas, romance, sci-fi|
Twin Angels BREAK|12|3.62|action, drama, magical girls, shonen, supernatural|
91 Days|14|4.72|action, drama, historical, seinen|
JOKER GAME|24|4.36|action, drama, historical, mystery, seinen, thriller|
Schwarzes Marken|24|3.98|action, drama, historical, mechas, postapocalyptic, sci-fi|
Walkure Romanze|12|3.36|action, drama, harem, romance, sports|
Fate/stay night [Unlimited Blade Works]|26|4.51|action, drama, fantasy, supernatural|
To the Abandoned Sacred Beasts|12|3.45|action, drama, fantasy, shonen, supernatural, thriller|
Magical Girl Raising Project|12|3.6|action, drama, fantasy, seinen|
Record of Grancrest War|25|3.59|action, drama, fantasy, romance|
Rewrite|24|3.52|action, drama, fantasy, romance|
Chivalry of a Failed Knight|12|4.79|action, drama, fantasy, romance|
The Third: The Girl with the Blue Eye||4.4|action, drama, fantasy, postapocalyptic, sci-fi|
In/Spectre|11|3.85|action, drama, fantasy, mystery, romance, supernatural, thriller|
Brynhildr in the Darkness|13|3.91|action, drama, fantasy, mystery, romance|
THE PROMISED NEVERLAND|12|4.91|action, drama, fantasy, mystery, postapocalyptic, sci-fi, shonen, thriller|
The Price of Smiles|12|3.2|action, drama, fantasy, mechas, sci-fi|
Wish Upon the Pleiades|12|3.63|action, drama, fantasy, magical girls, sci-fi|
Shamanic Princess||3.67|action, drama, fantasy, magical girls, romance|
Izetta: The Last Witch|12|4.3|action, drama, fantasy, historical, romance, supernatural|
Basilisk : The Ouka Ninja Scrolls|24|2.17|action, drama, fantasy, historical, romance, seinen|
Drifters||4.61|action, drama, fantasy, historical, isekai|
Thunderbolt Fantasy||4.68|action, drama, fantasy, historical|
Anti-Magic Academy: The 35th Test Platoon|12|3.52|action, drama, fantasy|
BROTHERHOOD FINAL FANTASY XV|5|4.88|action, drama, fantasy|
CHRONOS RULER|13|3.22|action, drama, fantasy|
Captain Harlock||4.61|action, drama|
Beelzebub||4.79|action, comedy, supernatural|
To Be Heroine|8|4.36|action, comedy, supernatural|
Akiba's Trip The Animation||4.3|action, comedy, supernatural|
ETOTAMA|12|3.85|action, comedy, supernatural|
Ghastly Prince Enma Burning Up||5|action, comedy, supernatural|
Eyeshield 21||4.85|action, comedy, sports|
Sabagebu!|12|4.68|action, comedy, slice of life, sports|
Scorching Ping Pong Girls|12|4.38|action, comedy, slice of life, sports|
Tribe Cool Crew|5|4.27|action, comedy, slice of life, sports|
Ninja Nonsense||4|action, comedy, slice of life|
Rowdy Sumo Wrestler Matsutaro|23|3.8|action, comedy, shonen, sports|
Food Wars! Shokugeki no Soma|74|4.77|action, comedy, shonen|
One-Punch Man|25|4.22|action, comedy, shonen|
Yakitate!! Japan||4.43|action, comedy, shonen|
Sparrow's Hotel|12|3.18|action, comedy, seinen, slice of life|
PUNCH LINE|12|4.26|action, comedy, sci-fi, supernatural|
Samurai Flamenco|22|3.81|action, comedy, sci-fi, supernatural|
Inferno Cop|25|4.39|action, comedy, sci-fi, supernatural|
NINJA SLAYER FROM ANIMATION||3.64|action, comedy, sci-fi, shonen|
Time Bokan 24|48|3.6|action, comedy, sci-fi|
Aachi & Ssipak||3|action, comedy, sci-fi|
ISUCA|1|2.95|action, comedy, romance, supernatural|
Inukami!||4.8|action, comedy, romance, supernatural|
Blue Seed||5|action, comedy, romance, sci-fi, supernatural|
Gonna Be the Twin-Tail!!||3.62|action, comedy, romance, sci-fi|
DNA^2||3.38|action, comedy, romance, sci-fi|
Black Butler: Book of Circus|1|4.84|action, comedy, mystery, supernatural|
Cat's Eye||4|action, comedy, mystery, romance|
Full Metal Panic? Fumoffu||4.6|action, comedy, mechas, slice of life|
Gurren Lagann||4.85|action, comedy, mechas, postapocalyptic, sci-fi|
Samurai Pizza Cats||4.89|action, comedy, historical, sci-fi, shonen|
When Supernatural Battles Became Commonplace|12|4.16|action, comedy, harem, romance, slice of life, supernatural|
Hayate the Combat Butler!|24|4.29|action, comedy, harem, romance, slice of life|
Mob Psycho 1|54|4.82|action, comedy, fantasy, supernatural|
TO BE HERO|12|4.53|action, comedy, fantasy, supernatural|
Senyu.|26|4.35|action, comedy, fantasy, shonen|
Squishy! Black Clover|8|2.8|action, comedy, fantasy, shonen|
SPACE PATROL LULUCO|14|4.6|action, comedy, fantasy, romance, sci-fi|
Fantasista Doll||3.64|action, comedy, fantasy, magical girls, sci-fi|
Problem Children are Coming from Another World, aren't they?|1|4.6|action, comedy, fantasy, isekai|
TRINITY SEVEN|14|4.25|action, comedy, fantasy, harem, romance, shonen, supernatural|
Hundred|12|3.5|action, comedy, fantasy, harem, romance, sci-fi|
Demon King Daimao||4.72|action, comedy, fantasy, harem, romance|
Bladedance of Elementalers|12|3.63|action, comedy, fantasy, harem, romance|
Hina Logic - from Luck & Logic|12|4.3|action, comedy, fantasy|
VS Knight Lamune & 4 Fire||5|action, comedy, fantasy|
Stella Women’s Academy, High School Division Class C3||4.23|action, comedy, drama, shonen, slice of life, sports|
Anime Crimes Division|6|4.19|action, comedy, drama, sci-fi|
R.O.D.||4.62|action, comedy, drama, sci-fi|
Kimagure Orange Road||5|action, comedy, drama, romance, supernatural|
Hamatora|24|4.17|action, comedy, drama, mystery, supernatural|
Planet With|12|4.57|action, comedy, drama, mechas, sci-fi, seinen|
Full Metal Panic!||4.77|action, comedy, drama, mechas, sci-fi|
FLCL|12|3.67|action, comedy, drama, mechas, sci-fi|
Bungo Stray Dogs|63|4.63|action, comedy, drama, historical, seinen, supernatural|
Samurai Jam-Bakumatsu Rock|12|4.29|action, comedy, drama, historical, idols, music, sci-fi|
Bakemonogatari||4.44|action, comedy, drama, harem, mystery, seinen, supernatural|
Angel Beats|13|4.69|action, comedy, drama, fantasy, romance|
Touken Ranbu - Hanamaru|24|4|action, comedy, drama, fantasy, historical, slice of life|
Monogatari S2|1|4.89|action, comedy, drama, fantasy, harem, supernatural, thriller|
Owarimonogatari|15|4.74|action, comedy, drama, fantasy, harem, supernatural, thriller|
Nekomonogatari Black|4|4.33|action, comedy, drama, fantasy, harem, supernatural, thriller|
Tsukimonogatari|1|4.86|action, comedy, drama, fantasy, harem, supernatural|
Date A Live||4.43|action, comedy, drama, fantasy, harem, romance, sci-fi|
Nisemonogatari||4.67|action, comedy, drama, fantasy, harem, mystery, seinen, supernatural|
Aoharu x Machinegun||4.45|action, comedy, drama|
Cardfight!! Vanguard G||3.43|action, comedy, drama|
Ramen Fighter Miki||4.6|action, comedy|
Pop Team Epic|16|3.92|action, comedy|
Dog Days|26|4.3|action, comedy|
Cheating Craft|12|3|action, comedy|
Tokyo ESP||2.86|action, comedy|
Katana Maidens ~ Mini Toji|11|5|action, comedy|
Gakuen Basara: Samurai High School||5|action, comedy|
Kamen no Maid Guy||5|action, comedy|
Dororo Motion Magazine||4.64|action, adventure, supernatural|
W'z|13|4.25|action, adventure, supernatural|
Beyblade: Metal Fusion||5|action, adventure, sports|
Flame of Recca||5|action, adventure, shonen, supernatural|
Fist of the Blue Sky: Regenesis|24|2.72|action, adventure, shonen|
Children of Ether|1|4.12|action, adventure, seinen|
THE UNLIMITED Hyobu Kyosuke|12|4.74|action, adventure, sci-fi, supernatural|
The Reflection|12|3.36|action, adventure, sci-fi|
Chargeman Ken||2.5|action, adventure, sci-fi|
EAT-MAN||2.75|action, adventure, sci-fi|
EAT-MAN '98||5|action, adventure, sci-fi|
Cosmo Warrior Zero||1|action, adventure, sci-fi|
Fist of the North Star: The Movie||3.67|action, adventure, postapocalyptic, sci-fi, shonen|
LUPIN THE 3rd PART4|26|4.89|action, adventure, mystery, seinen|
LUPIN THE 3rd PART 5|24|4.88|action, adventure, mystery, seinen|
Lupin the Third Part 2||5|action, adventure, mystery, seinen|
Lupin the Third Part 1||4.17|action, adventure, mystery, seinen|
Lupin the Third Part 3||4.67|action, adventure, mystery, seinen|
Sherlock Hound||4.56|action, adventure, mystery|
The Legend of Black Heaven||4.25|action, adventure, music, sci-fi|
SD GUNDAM WORLD SANGOKU SOKETSUDEN|7|2.86|action, adventure, mechas, shonen|
Mazinkaiser SKL||4.12|action, adventure, mechas, sci-fi, shonen|
Go Lion||4.65|action, adventure, mechas, sci-fi|
Fafner Exodus|26|4.18|action, adventure, mechas, sci-fi|
Pilot Candidate||2.2|action, adventure, mechas, sci-fi|
Super Robot Wars: Original Generation||3.33|action, adventure, mechas, sci-fi|
God Mars||3|action, adventure, mechas, sci-fi|
Total Eclipse|25|3.68|action, adventure, mechas|
Knight’s & Magic|13|3.97|action, adventure, isekai, mechas, sci-fi|
Symphogear|65|4.63|action, adventure, idols, music, sci-fi|
PEACE MAKER KUROGANE|1|3|action, adventure, historical, shonen|
Norn9||2.8|action, adventure, historical, sci-fi|
Rurouni Kenshin||4.8|action, adventure, historical, romance, shonen|
Chaika –The Coffin Princess-|22|4.29|action, adventure, fantasy, supernatural|
The Dragon Dentist|2|4.21|action, adventure, fantasy, supernatural|
Ushio and Tora|39|4.57|action, adventure, fantasy, shonen, supernatural|
Yu-Gi-Oh!|3|4.24|action, adventure, fantasy, shonen, supernatural|
Yu-Gi-Oh! GX||4.29|action, adventure, fantasy, shonen, supernatural|
One Piece|1135|4.7|action, adventure, fantasy, shonen|
BORUTO: NARUTO NEXT GENERATIONS|148|3.21|action, adventure, fantasy, shonen|
Magi|25|4.69|action, adventure, fantasy, shonen|
RADIANT|42|3.77|action, adventure, fantasy, shonen|
Z/X IGNITION|12|4|action, adventure, fantasy, shonen|
GATE|24|4.33|action, adventure, fantasy, seinen|
Soul Hunter||4|action, adventure, fantasy, sci-fi, shonen|
Phantasy Star Online 2 The Animation|12|3.41|action, adventure, fantasy, sci-fi|
Ange Vierge|12|2.63|action, adventure, fantasy, sci-fi|
Twin Star Exorcists|5|3.88|action, adventure, fantasy, romance, shonen, supernatural|
Inuyasha||5|action, adventure, fantasy, romance|
Inuyasha the Movie 3: Swords of an Honorable Ruler|||action, adventure, fantasy, romance|
Inuyasha the Movie 2: The Castle Beyond the Looking Glass|||action, adventure, fantasy, romance|
Inuyasha the Movie:  Affections Touching Across Time|||action, adventure, fantasy, romance|
Inuyasha the Movie 4: Fire On the Mystic Island|||action, adventure, fantasy, romance|
Rokka no Yuusha|24|3.91|action, adventure, fantasy, mystery, thriller|
Sorcery in the Big City|1|3.75|action, adventure, fantasy, mystery, supernatural|
PandoraHearts||4.5|action, adventure, fantasy, mystery, shonen, thriller|
Blast of Tempest||4.48|action, adventure, fantasy, mystery, shonen|
Overlord|39|4.62|action, adventure, fantasy, isekai, supernatural|
That Time I Got Reincarnated as a Slime|27|4.65|action, adventure, fantasy, isekai, slice of life|
Arata the Legend||3.38|action, adventure, fantasy, isekai, romance|
High School Prodigies Have It Easy Even In Another World|12|3.16|action, adventure, fantasy, isekai|
Xuan Yuan Sword Luminary|13|3.3|action, adventure, fantasy, historical, supernatural|
Saga of Tanya the Evil|27|4.53|action, adventure, fantasy, historical|
Mushibugyo|26|4.51|action, adventure, fantasy, historical|
Soul Buster|12|2.65|action, adventure, fantasy, historical|
The Asterisk War|24|3.64|action, adventure, fantasy, harem, sci-fi|
Lord Marksman and Vanadis||4.9|action, adventure, fantasy, harem, historical, romance|
GOBLIN SLAYER|13|4.48|action, adventure, fantasy|
Saint Seiya The Lost Canvas||4.74|action, adventure, fantasy|
Akashic Records of Bastard Magic Instructor|24|4.1|action, adventure, fantasy|
Blade and Soul|13|3.2|action, adventure, fantasy|
Cerberus|13|2.33|action, adventure, fantasy|
Chain Chronicle - The Light of Haecceitas -|24|3.38|action, adventure, fantasy|
Momo Kyun Sword|12|3.31|action, adventure, fantasy|
Grimms Notes the Animation|12|2.48|action, adventure, fantasy|
DRAGON COLLECTION||4|action, adventure, fantasy|
Shining Tears X Wind||2.62|action, adventure, fantasy|
Alice & Zoroku|13|4.42|action, adventure, drama, slice of life, supernatural|
Spiritpact|22|3.75|action, adventure, drama, seinen, supernatural|
Arpeggio of Blue Steel||4.44|action, adventure, drama, sci-fi, seinen|
Captain Harlock: Arcadia of my Youth - Endless Orbit SSX|||action, adventure, drama, sci-fi|
Princess Knight||3|action, adventure, drama, romance, shojo|
The Pilot's Love Song|13|4.28|action, adventure, drama, romance|
The Princess and the Pilot||4.25|action, adventure, drama, romance|
Galilei Donna|11|3.41|action, adventure, drama, mystery, sci-fi|
Space Warrior Baldios|||action, adventure, drama, mechas, postapocalyptic, sci-fi|
Sword Art Online Alternative: Gun Gale Online|13|3.73|action, adventure, drama, isekai, sci-fi|
Golden Kamuy|24|4.68|action, adventure, drama, historical, mystery, seinen, slice of life|
YUKI YUNA IS A HERO|12|4.38|action, adventure, drama, fantasy, supernatural|
SAIYUKI RELOAD BLAST|12|4.52|action, adventure, drama, fantasy, supernatural|
Fullmetal Alchemist: Brotherhood|64|4.93|action, adventure, drama, fantasy, shonen, thriller|
Os Cavaleiros do Zodíaco - Alma de Ouro|13|4.18|action, adventure, drama, fantasy, shonen|
Fullmetal Alchemist: The Conqueror of Shamballa|1|3.6|action, adventure, drama, fantasy, shonen|
Log Horizon|5|4.55|action, adventure, drama, fantasy, sci-fi|
RWBY VOLUME 1-3: The Beginning|13|3.35|action, adventure, drama, fantasy, sci-fi|
Chrono Crusade||4.22|action, adventure, drama, fantasy, romance, supernatural|
Conception|12|2.32|action, adventure, drama, fantasy, romance, sci-fi|
Attack on Titan|6|4.73|action, adventure, drama, fantasy, postapocalyptic, thriller|
Kino no Tabi -the Beautiful World- the Animated Series|12|4.54|action, adventure, drama, fantasy, mystery, seinen, slice of life|
Broken Blade||4.59|action, adventure, drama, fantasy, mechas, sci-fi, shonen|
Gargantia on the Verdurous Planet|17|4.57|action, adventure, drama, fantasy, mechas, sci-fi|
The Rising of the Shield Hero|25|4.72|action, adventure, drama, fantasy, isekai, seinen|
AKB48|26|4.68|action, adventure, drama, fantasy, idols, music, sci-fi|
Samurai Troopers||4.91|action, adventure, drama, fantasy, historical, shonen, supernatural|
Akame ga Kill!|24|4.27|action, adventure, drama, fantasy|
Alderamin on the Sky|13|4.54|action, adventure, drama, fantasy|
FINAL FANTASY XV: EPISODE ARDYN – PROLOGUE|1|3.5|action, adventure, drama, fantasy|
The Tenth Prism (Motion Manga)||4|action, adventure, drama, fantasy|
The Adventures of the Little Prince|||action, adventure, drama, fantasy|
URAHARA|12|3.39|action, adventure, comedy, sci-fi, slice of life|
Space Pirate Mito||4.25|action, adventure, comedy, sci-fi|
Ninja Girl & Samurai Master|79|4.67|action, adventure, comedy, historical|
Photon the Idiot Adventures||3.5|action, adventure, comedy, harem, sci-fi|
Web Ghosts PiPoPa||4.59|action, adventure, comedy, fantasy, supernatural|
Zettai Boei Leviatan|13|3.52|action, adventure, comedy, fantasy, slice of life|
GeGeGe no Kitaro|95|4.44|action, adventure, comedy, fantasy, shonen, supernatural|
Black Clover|127|3.84|action, adventure, comedy, fantasy, shonen|
Zatch Bell!||4.45|action, adventure, comedy, fantasy, shonen|
Black Clover (Dublagens Internacionais)|52|4.91|action, adventure, comedy, fantasy, shonen|
Cardcaptor Sakura||4.77|action, adventure, comedy, fantasy, shojo|
World Conquest Zvezda Plot|12|4.21|action, adventure, comedy, fantasy, sci-fi, shonen|
Re:ZERO -Starting Life in Another World- SHORTS|25|4.21|action, adventure, comedy, fantasy, isekai, romance, slice of life|
Outbreak Company||4.42|action, adventure, comedy, fantasy, harem, isekai, romance|
MAGICAL CIRCLE GURU-GURU|24|4.68|action, adventure, comedy, fantasy|
Last Period: the journey to the end of the despair|12|3.15|action, adventure, comedy, fantasy|
Jubei-chan: The Ninja Girl||3.5|action, adventure, comedy, drama, shonen|
Dr. STONE|25|4.65|action, adventure, comedy, drama, postapocalyptic, sci-fi, shonen|
KILL la KILL|24|4.6|action, adventure, comedy, drama, mechas, postapocalyptic, sci-fi, shonen|
Re:ZERO -Starting Life in Another World-|63|4.55|action, adventure, comedy, drama, fantasy, isekai, romance|
Koihime Musou||4.75|action, adventure|
No. 6||4.68|action, adventure|
In Another World With My Smartphone|24|3.46|action, adventure|
The Magnificent KOTOBUKI|12|3.96|action, adventure|
Izumo: Flash of a Brave Sword|||action, adventure|
Shin Koihime Musou||4.76|action|
Shin Koihime Musou - Otome Tairan||4.77|action|
Star Driver||4.61|action|
Kite Liberator||4.35|action|
Cardfight!! Vanguard Link Joker (Season 3)||4.29|action|
BAKUMATSU|24|2.33|action|
Angel Heart||4.88|action|
Cardfight!! Vanguard Legion Mate (Season 4)||3.71|action|
Street Fighter II: The Animated Series||2.83|action|
Street Fighter II The Animated Movie||4.8|action|
CARDFIGHT!! VANGUARD||5|action|
